DateTime,Latitude,Longitude,Depth,Magnitude,MagType,NbStations,Gap,Distance,RMS,Source,EventID
2011/01/08 00:09:13.95,37.28567,-121.65950,5.449,1.17,Md,24,81,3,0.05,NCSN,71506870
2011/01/08 00:10:16.74,37.28717,-121.65816,9.593,4.10,Mw,223,55,6,0.18,NCSN,71506865
2011/01/08 00:13:12.45,37.28417,-121.66033,6.247,2.53,Md,102,62,3,0.07,NCSN,71506875
2011/01/08 00:14:25.88,38.78633,-122.73683,0.776,1.09,Md,55,38,0,0.09,NCSN,71506880
2011/01/08 00:16:33.82,37.28483,-121.65833,6.606,0.84,Md,14,91,3,0.04,NCSN,71506885
2011/01/08 00:21:04.18,37.28867,-121.66450,6.027,2.04,Md,89,61,3,0.06,NCSN,71506890
2011/01/08 00:27:06.34,37.28483,-121.65800,6.349,0.89,Md,12,179,3,0.02,NCSN,71506895
2011/01/08 00:29:46.78,37.29117,-121.66617,5.729,1.12,Md,31,77,4,0.03,NCSN,71506900
2011/01/08 01:14:07.33,38.80467,-122.81583,4.520,0.27,Md,14,115,1,0.05,NCSN,71506905
2011/01/08 01:20:59.12,37.28383,-121.66183,6.043,2.09,Md,79,62,3,0.05,NCSN,71506910
2011/01/08 01:37:14.85,36.45933,-121.04134,4.929,0.63,Md,12,115,4,0.05,NCSN,71506915
2011/01/08 01:40:19.47,36.03233,-120.61517,-0.998,1.25,Md,47,88,4,0.14,NCSN,71506920
2011/01/08 02:16:52.12,37.24700,-121.63017,4.833,1.22,Md,33,80,4,0.06,NCSN,71506925
2011/01/08 02:21:10.77,38.80800,-122.82716,2.733,0.88,Md,6,161,0,0.05,NCSN,71506930
2011/01/08 02:47:54.54,38.74866,-122.69100,1.322,0.36,Md,21,205,0,0.06,NCSN,71506940
2011/01/08 03:14:00.45,37.10017,-121.48967,2.915,1.31,Md,37,96,3,0.06,NCSN,71506945
2011/01/08 03:25:06.18,38.81017,-122.81950,2.330,1.37,Md,60,46,1,0.07,NCSN,71506950
2011/01/08 03:33:09.02,40.29283,-124.37366,19.510,2.00,Md,18,254,8,0.19,NCSN,71506955
2011/01/08 03:59:47.27,36.00967,-121.03217,10.631,1.23,Md,31,67,13,0.07,NCSN,71506960
2011/01/08 04:28:23.22,35.98283,-120.55566,2.203,0.31,Md,15,94,1,0.06,NCSN,71506965
2011/01/08 05:13:11.61,37.42484,-118.61750,7.670,0.73,Md,11,122,9,0.05,NCSN,71506970
2011/01/08 05:18:39.22,38.82133,-122.80300,2.329,0.51,Md,8,85,1,0.02,NCSN,71506975
2011/01/08 05:47:47.13,35.76550,-119.77000,11.016,1.78,Md,46,232,20,0.24,NCSN,71506980
2011/01/08 06:02:38.93,38.82433,-122.78883,0.798,0.89,Md,7,223,1,0.06,NCSN,71506985
2011/01/08 06:15:37.28,38.82217,-122.77866,-0.193,0.45,Md,6,131,1,0.01,NCSN,71506990
2011/01/08 06:22:05.43,37.29850,-121.67316,5.907,1.46,Md,42,61,4,0.04,NCSN,71506995
2011/01/08 06:38:37.50,37.54233,-118.74583,2.876,0.47,Md,13,118,6,0.03,NCSN,71507000
2011/01/08 06:50:16.48,40.30383,-121.16033,1.728,1.07,Md,8,296,25,0.03,NCSN,71508200
2011/01/08 06:59:14.15,36.47900,-121.05617,7.397,2.41,Md,57,80,4,0.08,NCSN,71507005
2011/01/08 07:06:47.44,38.84184,-122.79034,-0.832,0.43,Md,5,163,3,0.01,NCSN,71507010
2011/01/08 07:15:04.07,38.83783,-122.82816,1.099,0.68,Md,9,126,2,0.05,NCSN,71507015
2011/01/08 07:18:25.66,38.81200,-122.80600,1.202,0.88,Md,14,81,1,0.16,NCSN,71507020
2011/01/08 07:31:32.16,38.83567,-122.80550,0.214,0.38,Md,8,68,1,0.03,NCSN,71507025
2011/01/08 08:36:38.47,37.64800,-119.02800,0.314,0.40,Md,15,100,1,0.07,NCSN,71507030
2011/01/08 08:42:38.58,40.30416,-121.16116,1.898,1.18,Md,9,296,25,0.02,NCSN,71508245
2011/01/08 09:04:50.46,35.71100,-121.05217,6.457,0.87,Md,12,108,9,0.07,NCSN,71507035
2011/01/08 10:00:43.60,38.75350,-122.70216,1.342,1.11,Md,36,64,1,0.08,NCSN,71507040
2011/01/08 10:31:42.90,36.05333,-117.85583,-0.996,2.56,Md,22,238,96,0.16,NCSN,71507050
2011/01/08 11:19:51.42,38.83550,-122.83017,0.677,0.43,Md,6,145,2,0.01,NCSN,71507055
2011/01/08 11:20:20.86,41.00750,-121.33317,12.678,1.52,Md,10,266,19,0.13,NCSN,71508215
2011/01/08 11:29:41.66,36.00550,-119.97483,5.612,1.71,Md,50,194,16,0.23,NCSN,71507060
2011/01/08 11:32:33.60,37.94300,-121.35883,11.867,1.77,Md,20,67,28,0.20,NCSN,71507065
2011/01/08 11:56:37.96,40.30133,-121.16417,1.708,1.15,Md,9,293,24,0.09,NCSN,71507070
2011/01/08 12:00:34.18,38.83800,-122.78400,1.540,1.18,Md,57,82,1,0.07,NCSN,71507075
2011/01/08 12:22:40.63,38.80350,-122.82034,3.140,0.89,Md,12,126,1,0.06,NCSN,71507080
2011/01/08 12:45:37.59,38.81200,-122.78584,1.510,0.88,Md,14,48,0,0.04,NCSN,71507085
2011/01/08 12:50:21.01,37.54933,-118.79900,6.343,1.21,Md,26,87,5,0.03,NCSN,71507090
2011/01/08 13:24:23.17,38.83867,-122.80350,1.323,0.43,Md,9,74,1,0.03,NCSN,71507095
2011/01/08 13:24:55.95,38.83850,-122.80717,0.205,0.43,Md,5,141,1,0.01,NCSN,71507100
2011/01/08 13:35:58.29,38.79300,-122.80650,2.588,0.66,Md,9,175,1,0.02,NCSN,71507105
2011/01/08 13:36:27.13,40.29283,-121.15366,4.859,1.25,Md,11,193,26,0.10,NCSN,71507110
2011/01/08 13:42:34.52,38.79333,-122.70167,3.724,0.39,Md,10,128,3,0.09,NCSN,71507115
2011/01/08 13:57:12.20,38.84283,-122.82383,1.538,0.45,Md,5,110,1,0.01,NCSN,71507120
2011/01/08 14:23:25.57,37.29500,-121.66766,5.789,0.97,Md,24,75,4,0.04,NCSN,71507125
2011/01/08 15:17:51.60,38.83800,-122.82950,2.668,0.70,Md,11,79,2,0.05,NCSN,71507130
2011/01/08 15:59:50.86,37.40500,-121.77467,1.601,2.04,Md,85,39,3,0.07,NCSN,71507135
2011/01/08 16:11:11.22,37.76650,-122.56033,12.072,1.83,Md,61,95,8,0.09,NCSN,71507140
2011/01/08 17:01:51.81,38.82867,-122.84534,4.631,0.08,Md,5,314,1,0.09,NCSN,71507145
2011/01/08 17:19:21.20,38.78900,-122.73600,1.316,2.23,Md,65,36,1,0.08,NCSN,71507150
2011/01/08 17:46:59.42,38.79000,-122.80400,2.953,0.51,Md,14,128,0,0.05,NCSN,71507160
2011/01/08 17:47:37.30,37.85883,-122.24617,12.424,1.77,Md,74,25,1,0.13,NCSN,71507155
2011/01/08 18:36:57.30,38.79217,-122.78183,0.594,0.55,Md,9,108,1,0.02,NCSN,71507170
2011/01/08 18:45:14.71,38.28950,-122.10800,9.400,1.28,Md,11,286,9,0.08,NCSN,71507180
2011/01/08 19:04:33.93,38.79117,-122.76500,-0.433,0.52,Md,6,169,2,0.01,NCSN,71507185
2011/01/08 19:06:06.84,38.75650,-122.74184,0.468,0.88,Md,37,71,0,0.09,NCSN,71507190
2011/01/08 19:11:44.28,38.80083,-122.81866,2.613,0.96,Md,39,87,1,0.05,NCSN,71507195
2011/01/08 19:50:05.02,38.79783,-122.80434,1.316,0.75,Md,12,144,1,0.05,NCSN,71507205
2011/01/08 20:06:40.92,38.84500,-122.82484,0.510,0.73,Md,6,141,1,0.03,NCSN,71507210
2011/01/08 20:29:58.28,38.82117,-122.82584,0.401,2.38,Md,58,30,1,0.07,NCSN,71507215
2011/01/08 20:32:10.03,38.82550,-122.83050,-0.751,0.97,Md,12,104,2,0.12,NCSN,71507220
2011/01/08 20:39:19.86,38.81816,-122.81250,2.559,1.03,Md,42,69,1,0.08,NCSN,71507225
2011/01/08 20:40:44.74,38.81883,-122.82950,0.321,0.60,Md,24,55,1,0.05,NCSN,71507230
2011/01/08 20:47:11.23,38.82084,-122.82867,0.791,0.63,Md,23,54,1,0.04,NCSN,71507235
2011/01/08 21:19:06.74,38.81900,-122.80300,1.389,0.76,Md,15,65,1,0.06,NCSN,71507240
2011/01/08 21:31:10.54,40.38000,-124.38983,15.879,2.35,Md,16,251,11,0.14,NCSN,71507245
2011/01/08 21:52:38.43,37.59033,-118.85000,6.965,1.88,Md,40,82,2,0.03,NCSN,71507250
2011/01/08 21:54:28.03,38.79050,-122.77467,-0.630,0.70,Md,37,75,1,0.08,NCSN,71507255
2011/01/08 22:30:02.84,39.55483,-122.73317,-1.126,1.78,Md,16,93,11,0.08,NCSN,71507260
2011/01/08 22:30:50.05,38.81800,-122.79600,2.550,0.70,Md,27,60,1,0.06,NCSN,71507265
2011/01/08 22:34:46.61,36.60417,-121.05783,6.969,1.22,Md,18,99,3,0.11,NCSN,71507270
2011/01/09 00:38:36.84,35.69450,-121.00383,6.612,1.11,Md,22,97,3,0.18,NCSN,71507275
2011/01/09 00:46:41.04,38.81083,-122.78933,2.796,1.76,Md,67,35,1,0.07,NCSN,71507280
2011/01/09 00:53:36.00,38.77950,-122.72450,2.259,0.88,Md,10,88,1,0.05,NCSN,71507285
2011/01/09 00:53:44.25,40.41233,-122.15517,-0.732,1.33,Md,12,170,31,0.10,NCSN,71508250
2011/01/09 00:56:04.72,38.79500,-122.80717,2.801,0.73,Md,6,224,2,0.01,NCSN,71507290
2011/01/09 00:58:34.64,35.48700,-120.79117,1.324,1.46,Md,32,55,9,0.15,NCSN,71507295
2011/01/09 01:04:37.93,38.77967,-122.72500,1.169,1.19,Md,54,45,1,0.08,NCSN,71507300
2011/01/09 01:06:50.98,38.79100,-122.72967,1.952,0.28,Md,4,208,1,0.00,NCSN,71507305
2011/01/09 01:09:04.13,38.81417,-122.81384,2.869,0.89,Md,12,85,1,0.03,NCSN,71507310
2011/01/09 01:19:06.24,38.77883,-122.72366,2.189,0.86,Md,9,84,1,0.05,NCSN,71507315
2011/01/09 01:34:24.07,38.81000,-122.81300,2.090,1.06,Md,42,76,1,0.06,NCSN,71507320
2011/01/09 01:39:20.31,38.74233,-122.36350,1.981,0.73,Md,6,143,10,0.06,NCSN,71062844
2011/01/09 01:52:53.04,38.82450,-122.80233,1.937,0.55,Md,10,78,1,0.05,NCSN,71507330
2011/01/09 02:11:03.64,38.84333,-122.82967,1.724,1.30,Md,42,50,1,0.06,NCSN,71507335
2011/01/09 02:44:13.64,38.77283,-122.69050,-0.711,0.60,Md,5,131,1,0.06,NCSN,71507345
2011/01/09 02:55:12.78,38.80833,-122.81050,2.973,1.58,Md,45,74,1,0.08,NCSN,71507355
2011/01/09 03:07:20.49,38.80983,-122.80683,3.877,0.43,Md,12,119,1,0.06,NCSN,71507360
2011/01/09 03:15:54.87,38.75983,-122.69050,-0.628,0.45,Md,9,131,1,0.08,NCSN,71507365
2011/01/09 03:35:15.43,38.42800,-122.21467,7.143,1.78,Md,34,77,4,0.17,NCSN,71507370
2011/01/09 03:36:38.95,38.76266,-122.74084,1.408,0.94,Md,30,61,1,0.06,NCSN,71507375
2011/01/09 03:57:02.49,39.15117,-123.16634,5.011,1.90,Md,14,109,8,0.06,NCSN,71507380
2011/01/09 04:06:30.31,38.80933,-122.74000,-0.795,0.48,Md,7,113,3,0.04,NCSN,71507385
2011/01/09 04:07:26.40,37.63717,-118.94117,5.279,0.12,Md,13,77,3,0.02,NCSN,71507390
2011/01/09 04:08:34.12,37.81350,-121.91167,11.424,0.95,Md,9,77,9,0.02,NCSN,71507395
2011/01/09 04:21:44.24,38.79200,-122.73817,0.959,0.52,Md,8,112,1,0.05,NCSN,71507400
2011/01/09 05:16:09.73,38.81433,-122.79317,1.920,1.70,Md,60,41,1,0.06,NCSN,71507405
2011/01/09 05:16:25.32,38.81533,-122.79350,0.752,0.67,Md,8,97,1,0.02,NCSN,71507410
2011/01/09 05:46:39.02,38.83033,-122.80300,1.013,1.92,Md,54,38,1,0.08,NCSN,71507420
2011/01/09 05:48:01.33,38.83216,-122.80217,1.268,0.56,Md,12,60,1,0.03,NCSN,71507425
2011/01/09 05:48:25.46,38.84417,-122.82917,1.465,0.45,Md,8,120,1,0.03,NCSN,71507430
2011/01/09 05:48:42.43,38.83933,-122.79433,1.687,0.89,Md,7,165,0,0.02,NCSN,71507435
2011/01/09 06:02:54.37,38.77033,-122.74483,1.205,0.33,Md,18,93,2,0.04,NCSN,71507445
2011/01/09 06:03:12.90,40.40733,-121.45033,7.673,0.08,Md,7,159,3,0.02,NCSN,71508545
2011/01/09 06:06:54.79,40.40933,-121.44566,7.795,0.34,Md,7,149,2,0.01,NCSN,71508540
2011/01/09 06:14:42.36,38.81617,-122.81583,0.189,1.08,Md,38,74,1,0.06,NCSN,71507455
2011/01/09 07:00:51.88,38.82267,-122.82650,1.641,1.00,Md,44,42,1,0.07,NCSN,71507460
2011/01/09 07:11:24.18,38.81483,-122.81017,2.799,0.89,Md,16,81,1,0.04,NCSN,71507465
2011/01/09 07:44:09.57,38.83650,-122.80000,1.409,0.79,Md,9,70,1,0.03,NCSN,71507475
2011/01/09 08:39:10.57,38.81767,-122.78467,1.580,1.07,Md,43,41,1,0.05,NCSN,71507485
2011/01/09 08:43:20.12,39.14867,-123.16900,3.351,1.27,Md,9,144,8,0.02,NCSN,71507490
2011/01/09 09:33:08.74,37.85033,-118.19383,8.767,2.62,Md,42,214,15,0.08,NCSN,71507495
2011/01/09 10:57:33.56,38.79267,-122.75800,0.946,0.94,Md,27,50,2,0.05,NCSN,71507505
2011/01/09 11:23:19.32,37.86600,-122.25383,8.969,1.02,Md,44,36,1,0.16,NCSN,71507510
2011/01/09 11:53:25.11,38.80633,-122.81233,2.050,0.39,Md,7,124,1,0.05,NCSN,71507515
2011/01/09 12:00:51.12,37.49817,-118.85950,3.267,0.32,Md,13,150,11,0.04,NCSN,71507520
2011/01/09 12:00:54.84,40.41467,-124.39017,24.266,1.47,Md,8,301,14,0.20,NCSN,71047034
2011/01/09 12:01:12.06,40.16033,-121.31284,1.956,0.94,Md,9,285,18,0.03,NCSN,71508035
2011/01/09 12:30:12.35,38.78917,-122.79716,1.047,0.28,Md,4,156,1,0.01,NCSN,71507525
2011/01/09 12:58:29.17,40.14150,-121.26900,3.638,1.14,Md,10,233,22,0.04,NCSN,71507535
2011/01/09 13:15:25.66,38.80583,-122.82034,2.818,0.44,Md,7,118,1,0.03,NCSN,71507540
2011/01/09 13:15:42.19,38.80083,-122.76750,3.071,0.72,Md,13,70,2,0.05,NCSN,71507545
2011/01/09 14:08:35.36,34.93250,-121.39967,5.805,2.15,Md,32,268,59,0.13,NCSN,71507550
2011/01/09 14:10:49.14,38.15467,-119.09283,12.084,1.73,Md,16,115,14,0.05,NCSN,71507555
2011/01/09 14:19:48.40,38.80917,-122.83317,1.326,0.43,Md,8,117,2,0.04,NCSN,71507560
2011/01/09 14:21:26.45,37.27367,-122.12550,4.149,0.89,Md,14,57,6,0.13,NCSN,71507565
2011/01/09 15:13:42.73,38.81683,-122.81866,2.029,0.97,Md,16,76,1,0.05,NCSN,71507570
2011/01/09 15:32:58.37,38.81467,-122.80900,0.489,1.41,Md,33,67,1,0.08,NCSN,71507575
2011/01/09 15:51:34.42,38.75617,-122.69400,0.742,0.92,Md,28,44,1,0.07,NCSN,71507580
2011/01/09 15:52:33.53,38.75533,-122.69650,0.642,0.74,Md,27,71,1,0.08,NCSN,71507585
2011/01/09 15:59:05.92,38.82700,-122.79483,1.783,0.51,Md,6,119,1,0.01,NCSN,71507590
2011/01/09 16:22:19.65,38.79733,-122.75100,-0.144,0.57,Md,10,63,2,0.04,NCSN,71507595
2011/01/09 16:45:58.29,38.79150,-122.75667,0.812,0.96,Md,12,106,2,0.07,NCSN,71507600
2011/01/09 17:12:48.34,38.79783,-122.81300,2.983,1.10,Md,39,86,1,0.05,NCSN,71507605
2011/01/09 17:16:53.35,38.79716,-122.81300,3.383,1.84,Md,51,74,1,0.06,NCSN,71507610
2011/01/09 17:18:47.22,38.79650,-122.81433,3.300,0.89,Md,11,144,1,0.03,NCSN,71507615
2011/01/09 17:18:58.33,38.79650,-122.81367,2.668,0.90,Md,15,152,2,0.03,NCSN,71507620
2011/01/09 17:56:07.85,37.26367,-121.64684,4.571,0.93,Md,16,90,2,0.04,NCSN,71507625
2011/01/09 18:12:45.02,38.85000,-122.81416,1.239,0.78,Md,4,168,1,0.01,NCSN,71507635
2011/01/09 18:13:58.98,37.12366,-121.52550,7.015,3.06,ML,119,56,1,0.07,NCSN,71507630
2011/01/09 18:30:18.91,37.12267,-121.52717,6.895,2.98,Md,128,56,1,0.08,NCSN,71507640
2011/01/09 18:42:08.99,38.82667,-122.82417,-0.455,0.89,Md,13,65,1,0.04,NCSN,71507650
2011/01/09 18:55:42.83,38.82367,-122.79200,4.654,0.55,Md,5,169,2,0.05,NCSN,71507655
2011/01/09 19:16:52.04,38.75033,-122.69900,0.892,0.63,Md,6,99,1,0.04,NCSN,71507660
2011/01/09 19:29:55.41,38.80133,-122.77467,1.156,0.22,Md,6,250,1,0.01,NCSN,71507665
2011/01/09 19:45:26.70,37.29617,-121.67200,6.397,0.85,Md,15,81,4,0.04,NCSN,71507675
2011/01/09 19:48:05.94,38.83917,-122.78500,1.320,0.78,Md,11,124,0,0.04,NCSN,71507680
2011/01/09 20:10:11.25,36.54400,-121.13067,6.581,0.67,Md,8,121,6,0.03,NCSN,71507690
2011/01/09 20:11:23.01,38.52800,-122.65366,6.901,1.63,Md,45,40,4,0.14,NCSN,71507685
2011/01/09 20:14:41.52,37.61350,-118.85717,2.425,0.71,Md,19,91,2,0.02,NCSN,71507695
2011/01/09 20:25:17.50,36.54500,-121.13033,7.047,1.14,Md,15,113,6,0.04,NCSN,71507700
2011/01/09 20:52:29.05,37.29667,-121.67150,5.567,1.20,Md,21,74,4,0.05,NCSN,71507705
2011/01/09 22:02:02.26,38.75883,-122.74866,5.808,0.48,Md,6,161,1,0.03,NCSN,71507710
2011/01/09 22:05:28.58,38.81433,-122.79383,3.570,1.12,Md,48,35,1,0.06,NCSN,71507715
2011/01/09 22:13:21.85,37.12233,-121.52583,6.961,1.47,Md,50,79,1,0.05,NCSN,71507720
2011/01/09 22:23:50.94,37.43150,-119.02116,3.874,0.82,Md,13,171,15,0.09,NCSN,71508065
2011/01/09 22:26:49.24,38.82233,-122.83000,1.709,0.43,Md,6,111,0,0.04,NCSN,71507725
2011/01/09 22:42:33.72,38.73250,-122.67300,5.782,0.49,Md,6,296,2,0.03,NCSN,71507730
2011/01/09 23:08:34.15,37.62950,-119.03217,-1.367,0.26,Md,11,98,0,0.04,NCSN,71508590
2011/01/09 23:23:10.90,36.67517,-121.30483,6.079,2.03,Md,48,42,3,0.06,NCSN,71507740
2011/01/09 23:27:03.85,38.83767,-122.80717,1.317,0.78,Md,13,81,1,0.03,NCSN,71507745
2011/01/10 00:22:24.37,37.12767,-121.52817,6.875,1.86,Md,67,79,2,0.06,NCSN,71507750
2011/01/10 00:36:29.76,38.82983,-122.83083,2.943,0.46,Md,5,124,1,0.01,NCSN,71507755
2011/01/10 00:40:50.32,39.21217,-123.36250,-0.604,1.83,Md,18,155,5,0.11,NCSN,71507760
2011/01/10 00:42:12.16,37.12800,-121.52866,6.615,1.66,Md,61,79,2,0.06,NCSN,71507765
2011/01/10 00:51:02.56,38.83150,-122.79933,0.893,0.88,Md,12,76,1,0.05,NCSN,71507770
2011/01/10 01:32:37.73,38.83050,-122.79000,0.744,1.52,Md,57,40,1,0.07,NCSN,71507775
2011/01/10 02:09:46.92,38.81500,-122.81000,2.725,0.89,Md,20,80,1,0.04,NCSN,71507780
2011/01/10 02:12:24.23,38.82283,-122.78650,1.394,1.13,Md,53,44,1,0.07,NCSN,71507785
2011/01/10 02:38:49.57,38.82867,-122.80383,2.047,1.22,Md,55,32,1,0.06,NCSN,71507790
2011/01/10 02:50:55.76,38.79883,-122.75533,0.625,0.48,Md,8,125,3,0.03,NCSN,71507795
2011/01/10 03:38:07.50,38.83767,-122.82716,1.385,0.85,Md,12,87,1,0.04,NCSN,71507800
2011/01/10 04:15:24.67,38.23067,-119.33283,5.385,2.17,Md,29,103,24,0.09,NCSN,71507810
2011/01/10 04:16:25.08,38.83867,-122.79317,1.599,0.46,Md,9,149,0,0.03,NCSN,71507815
2011/01/10 04:29:49.40,38.81333,-122.82900,2.062,0.43,Md,9,92,0,0.05,NCSN,71507820
2011/01/10 05:45:54.66,38.84067,-122.82250,2.125,0.43,Md,7,133,2,0.03,NCSN,71507830
2011/01/10 06:23:04.63,38.77483,-122.70367,1.777,1.04,Md,41,59,1,0.07,NCSN,71507840
2011/01/10 06:23:36.96,38.02300,-122.18183,8.085,1.14,Md,25,90,4,0.09,NCSN,71507845
2011/01/10 06:26:08.88,38.77433,-122.70533,1.917,0.73,Md,7,94,1,0.06,NCSN,71507850
2011/01/10 07:26:25.40,38.82350,-122.80800,2.194,0.51,Md,8,95,0,0.05,NCSN,71507855
2011/01/10 07:40:31.58,38.80700,-122.80867,1.603,0.89,Md,18,95,1,0.05,NCSN,71507860
2011/01/10 08:03:06.06,38.80717,-122.79083,0.206,0.88,Md,13,67,0,0.04,NCSN,71507865
2011/01/10 08:18:40.50,38.80167,-122.81883,3.053,0.51,Md,9,164,1,0.04,NCSN,71507870
2011/01/10 08:34:23.46,40.45350,-124.48100,20.689,2.13,Md,19,256,22,0.16,NCSN,71507875
2011/01/10 08:53:18.87,38.78000,-122.72450,1.979,0.47,Md,12,90,1,0.05,NCSN,71507880
2011/01/10 09:35:14.08,38.82133,-122.82616,0.552,0.56,Md,5,156,1,0.01,NCSN,71507885
2011/01/10 10:53:03.13,38.81733,-122.79317,0.730,1.76,Md,48,34,1,0.07,NCSN,71507900
2011/01/10 11:13:18.41,38.79233,-122.77850,1.270,1.35,Md,43,77,1,0.06,NCSN,71507905
2011/01/10 11:52:41.93,38.83517,-122.81316,0.864,0.43,Md,7,79,1,0.02,NCSN,71507910
2011/01/10 12:12:40.14,38.82333,-122.78484,1.594,0.53,Md,5,106,1,0.01,NCSN,71507915
2011/01/10 12:28:06.05,38.78450,-122.75916,0.355,0.28,Md,6,127,2,0.02,NCSN,71507920
2011/01/10 13:42:42.83,38.81133,-122.82117,2.508,0.43,Md,8,101,1,0.03,NCSN,71507925
2011/01/10 14:08:16.81,37.48317,-118.84450,5.607,1.01,Md,24,116,11,0.03,NCSN,71507930
2011/01/10 15:14:45.70,37.48200,-118.84634,4.786,0.46,Md,17,117,11,0.03,NCSN,71507945
2011/01/10 15:54:34.41,38.81816,-122.82133,1.949,1.55,Md,46,59,1,0.06,NCSN,71507965
2011/01/10 16:26:55.58,38.81483,-122.83117,2.531,0.28,Md,18,73,1,0.03,NCSN,71508025
2011/01/10 16:40:06.24,34.85266,-120.94683,-0.261,2.23,Md,29,227,30,0.16,NCSN,71507970
2011/01/10 16:41:22.06,38.80333,-122.76683,1.401,0.56,Md,4,231,2,0.01,NCSN,71507980
2011/01/10 16:46:32.92,38.77400,-122.72234,1.419,0.92,Md,29,45,0,0.06,NCSN,71507985
2011/01/10 16:50:22.27,37.49233,-118.63250,7.591,0.64,Md,16,142,8,0.05,NCSN,71508075
2011/01/10 17:09:27.34,38.76900,-122.74667,-0.175,0.28,Md,6,103,2,0.05,NCSN,71507995
2011/01/10 17:49:59.47,38.80467,-122.79650,0.386,0.84,Md,12,67,0,0.04,NCSN,71508015
2011/01/10 18:46:33.14,38.79167,-122.76984,2.980,1.89,Md,52,35,2,0.06,NCSN,71508045
2011/01/10 18:50:42.87,38.81083,-122.82667,2.379,1.05,Md,42,74,0,0.05,NCSN,71508055
2011/01/10 19:01:36.94,38.82483,-122.76117,0.118,1.07,Md,36,91,1,0.06,NCSN,71508060
2011/01/10 19:56:31.47,36.05883,-120.70133,1.164,0.86,Md,17,173,6,0.16,NCSN,71508085
2011/01/10 20:03:15.85,36.57900,-121.03750,7.631,2.73,Md,65,58,0,0.13,NCSN,71508090
2011/01/10 20:29:42.89,38.82500,-122.83266,1.787,0.07,Md,7,90,0,0.03,NCSN,71508095
2011/01/10 20:35:03.05,37.59950,-121.78633,7.608,2.42,Md,68,78,10,0.09,NCSN,71508100
2011/01/10 20:41:54.50,39.14917,-123.17017,3.921,1.58,Md,15,111,8,0.06,NCSN,71508105
2011/01/10 21:05:51.16,38.81250,-122.83383,1.932,0.69,Md,9,106,1,0.05,NCSN,71508115
2011/01/10 21:44:14.93,36.57683,-121.03484,7.833,1.61,Md,28,68,0,0.10,NCSN,71508125
2011/01/10 21:49:30.08,36.56950,-121.04500,6.511,1.02,Md,12,145,1,0.09,NCSN,71508130
2011/01/10 22:00:36.84,36.92850,-121.42050,7.693,1.02,Md,25,63,6,0.07,NCSN,71508140
2011/01/10 22:12:48.79,38.78567,-122.73534,1.049,2.55,Md,65,36,0,0.07,NCSN,71508145
2011/01/10 22:21:54.34,38.80750,-122.79483,0.976,0.54,Md,7,86,0,0.01,NCSN,71508155
2011/01/10 22:34:26.83,36.58133,-121.10284,6.801,2.00,Md,45,39,6,0.10,NCSN,71508160
2011/01/10 22:47:15.58,38.83333,-122.81100,1.899,0.89,Md,14,105,2,0.06,NCSN,71508170
2011/01/10 23:03:09.84,38.84800,-122.82484,3.518,0.08,Md,4,308,3,0.00,NCSN,71508175
2011/01/10 23:18:26.33,38.76133,-122.74250,1.942,0.97,Md,11,107,3,0.07,NCSN,71508185
2011/01/10 23:25:24.65,38.81900,-122.80883,2.889,1.74,Md,52,35,0,0.06,NCSN,71508190
2011/01/10 23:49:54.68,38.79200,-122.78800,0.660,0.95,Md,11,145,0,0.05,NCSN,71508205
2011/01/10 23:54:17.44,36.92700,-121.41983,7.437,1.08,Md,23,63,6,0.06,NCSN,71508210
2011/01/11 00:02:21.36,36.57400,-121.04050,6.832,1.14,Md,11,151,1,0.08,NCSN,71508225
2011/01/11 00:31:57.73,39.21600,-123.35450,-0.454,1.82,Md,17,152,5,0.09,NCSN,71508240
2011/01/11 01:03:49.74,38.79600,-122.76517,0.671,0.68,Md,13,74,2,0.05,NCSN,71047134
2011/01/11 01:03:53.59,38.81067,-122.79350,1.506,0.43,Md,15,60,0,0.06,NCSN,71508260
2011/01/11 01:05:22.17,38.81583,-122.82200,3.600,0.84,Md,11,80,1,0.05,NCSN,71508255
2011/01/11 01:14:50.86,38.75367,-122.71733,0.714,0.75,Md,19,57,2,0.09,NCSN,71047039
2011/01/11 01:15:12.53,38.75134,-122.71300,1.944,0.94,Md,14,67,1,0.05,NCSN,71508270
2011/01/11 01:31:12.17,38.83250,-122.80733,1.744,1.73,Md,50,26,1,0.05,NCSN,71508275
2011/01/11 01:34:42.86,38.81267,-122.82417,1.960,0.43,Md,7,80,1,0.04,NCSN,71508280
2011/01/11 03:00:04.30,38.82483,-122.82933,1.884,0.43,Md,7,94,1,0.04,NCSN,71508295
2011/01/11 03:02:02.06,38.84100,-122.78950,2.160,0.29,Md,15,123,0,0.07,NCSN,71508300
2011/01/11 03:04:12.08,38.83383,-122.79716,0.854,0.16,Md,7,93,1,0.02,NCSN,71508305
2011/01/11 03:35:47.12,38.83367,-122.81367,0.664,0.43,Md,7,94,1,0.02,NCSN,71508310
2011/01/11 03:41:21.06,38.83967,-122.77650,1.553,0.78,Md,9,166,1,0.03,NCSN,71508315
2011/01/11 03:57:37.91,38.81933,-122.79450,2.300,1.05,Md,48,33,1,0.06,NCSN,71508320
2011/01/11 04:03:02.15,37.34250,-119.44033,23.600,1.62,Md,13,161,11,0.08,NCSN,71508330
2011/01/11 04:04:09.39,38.83350,-122.81384,1.324,0.31,Md,19,44,1,0.05,NCSN,71508325
2011/01/11 04:15:55.36,38.77167,-122.71850,0.972,0.73,Md,8,124,2,0.02,NCSN,71508335
2011/01/11 04:53:55.58,36.76433,-121.37933,5.501,0.60,Md,10,122,3,0.27,NCSN,71508350
2011/01/11 04:54:45.36,38.81816,-122.79433,0.700,1.10,Md,43,34,1,0.06,NCSN,71508340
2011/01/11 04:55:25.68,38.84283,-122.82584,1.749,0.89,Md,14,54,1,0.05,NCSN,71508345
2011/01/11 05:30:49.69,36.57433,-121.03733,7.724,1.82,Md,42,81,0,0.10,NCSN,71508355
2011/01/11 06:23:34.96,35.70984,-121.03284,7.257,1.38,Md,33,50,11,0.09,NCSN,71508365
2011/01/11 06:23:35.10,36.88766,-121.62950,8.289,1.83,Md,58,66,6,0.07,NCSN,71508360
2011/01/11 06:51:47.54,38.74767,-122.73600,4.151,0.10,Md,5,199,11,0.08,NCSN,71508370
2011/01/11 07:49:51.04,37.53850,-118.81100,4.373,0.71,Md,22,137,6,0.03,NCSN,71508380
2011/01/11 08:46:09.21,38.80017,-122.79750,3.416,0.55,Md,15,81,1,0.06,NCSN,71508385
2011/01/11 09:10:46.87,38.80933,-122.81583,2.650,0.88,Md,13,102,1,0.05,NCSN,71508390
2011/01/11 09:30:15.30,38.82267,-122.79500,2.119,0.58,Md,31,52,1,0.06,NCSN,71508400
2011/01/11 10:48:47.73,37.46717,-121.80334,7.113,1.01,Md,25,72,2,0.05,NCSN,71508415
2011/01/11 10:53:57.53,37.66600,-118.84150,4.353,0.45,Md,16,99,3,0.04,NCSN,71508425
2011/01/11 11:12:13.03,38.83767,-122.83000,1.495,0.90,Md,14,61,2,0.04,NCSN,71508435
2011/01/11 12:04:21.49,38.83117,-122.76984,0.310,0.85,Md,7,113,1,0.01,NCSN,71508440
2011/01/11 12:07:02.62,40.30083,-121.14066,1.198,1.17,Md,10,270,26,0.04,NCSN,71508450
2011/01/11 12:08:18.55,38.81483,-122.81350,2.569,0.39,Md,20,83,1,0.06,NCSN,71508445
2011/01/11 12:35:53.67,38.81900,-122.81817,1.504,0.43,Md,8,68,1,0.02,NCSN,71508455
2011/01/11 12:44:52.52,37.50500,-118.85817,4.787,0.31,Md,18,203,10,0.05,NCSN,71508460
2011/01/11 13:16:08.77,38.81433,-122.79667,2.098,0.80,Md,11,92,1,0.03,NCSN,71508465
2011/01/11 13:29:48.12,40.22350,-121.28350,1.896,0.95,Md,9,277,22,0.05,NCSN,71508575
2011/01/11 14:15:52.22,40.30450,-121.15617,2.058,1.07,Md,7,296,25,0.02,NCSN,71508580
2011/01/11 15:14:36.86,37.27467,-121.65383,3.513,0.89,Md,15,102,2,0.05,NCSN,71508480
2011/01/11 15:24:51.66,35.84917,-121.47517,8.192,1.89,Md,30,195,11,0.10,NCSN,71508485
2011/01/11 15:40:08.75,38.81567,-122.80100,1.312,1.05,Md,36,36,1,0.06,NCSN,71508490
2011/01/11 15:53:21.92,38.81683,-122.75916,0.390,0.88,Md,11,81,2,0.05,NCSN,71508500
2011/01/11 16:14:12.35,38.83450,-122.80850,1.208,0.38,Md,7,123,1,0.03,NCSN,71508505
2011/01/11 16:20:20.97,38.74033,-122.70300,1.292,1.15,Md,12,189,1,0.04,NCSN,71508510
2011/01/11 16:20:53.57,38.73783,-122.69733,1.454,0.74,Md,5,223,1,0.05,NCSN,71508515
2011/01/11 16:30:09.00,38.81450,-122.81033,2.503,0.51,Md,11,83,1,0.05,NCSN,71508520
2011/01/11 17:41:43.21,37.55867,-118.82050,6.247,0.17,Md,13,179,4,0.03,NCSN,71508625
2011/01/11 18:10:05.05,38.84133,-122.82533,1.729,1.43,Md,39,43,1,0.05,NCSN,71508555
2011/01/11 19:27:14.80,38.81667,-122.77666,1.577,0.53,Md,7,100,0,0.06,NCSN,71508585
2011/01/11 19:52:03.50,37.52367,-118.78000,4.575,0.86,Md,17,135,7,0.03,NCSN,71508595
2011/01/11 20:10:52.38,38.83600,-122.77666,1.560,0.89,Md,13,126,1,0.06,NCSN,71508605
2011/01/11 20:22:06.93,38.82233,-122.80233,3.465,0.51,Md,6,169,1,0.07,NCSN,71508610
2011/01/11 20:45:54.88,38.82350,-122.75833,0.098,1.04,Md,34,47,1,0.08,NCSN,71508615
2011/01/11 20:46:15.61,38.82283,-122.75950,-0.812,1.35,Md,37,47,2,0.06,NCSN,71508620
2011/01/11 21:20:27.12,36.53767,-121.10333,8.407,1.19,Md,15,101,4,0.07,NCSN,71508630
2011/01/11 21:24:38.82,38.84800,-122.78150,2.427,0.73,Md,5,194,2,0.01,NCSN,71508635
2011/01/11 21:24:51.40,36.00350,-120.56750,1.002,0.17,Md,19,106,3,0.14,NCSN,71508640
2011/01/11 21:28:05.47,38.80667,-122.79517,2.073,0.88,Md,12,76,0,0.02,NCSN,71508645
2011/01/11 21:32:07.14,37.28100,-121.65916,3.001,0.92,Md,17,89,3,0.04,NCSN,71508655
2011/01/11 22:35:56.10,35.43500,-120.92083,-0.375,0.76,Md,9,242,4,0.19,NCSN,71508670
2011/01/11 22:39:53.93,38.82450,-122.82467,1.921,2.15,Md,56,33,1,0.06,NCSN,71508675
2011/01/11 22:45:24.73,38.81533,-122.81717,0.699,1.09,Md,38,79,1,0.06,NCSN,71508680
2011/01/11 23:02:12.09,38.80950,-122.79517,1.768,0.85,Md,10,97,1,0.02,NCSN,71508685
2011/01/12 00:59:25.17,37.96083,-122.02917,8.100,1.37,Md,22,82,3,0.10,NCSN,71508730
2011/01/12 02:23:38.72,38.84467,-122.82616,0.317,0.70,Md,6,90,1,0.01,NCSN,71508735
2011/01/12 02:42:08.95,38.78950,-122.78083,2.790,0.30,Md,22,101,1,0.04,NCSN,71508740
2011/01/12 03:18:16.52,36.56450,-121.14516,6.109,1.12,Md,14,130,4,0.06,NCSN,71508745
2011/01/12 03:56:49.93,38.81083,-122.79400,2.646,0.54,Md,6,167,0,0.01,NCSN,71508750
2011/01/12 04:08:21.48,38.82367,-122.83167,1.491,1.05,Md,37,53,0,0.06,NCSN,71508755
2011/01/12 04:19:37.02,38.81783,-122.78967,1.897,0.19,Md,8,96,1,0.03,NCSN,71508760
2011/01/12 04:28:55.92,37.12900,-121.58217,4.517,1.47,Md,41,88,5,0.08,NCSN,71508765
2011/01/12 04:53:37.09,36.49550,-120.48967,14.139,2.00,Md,44,43,21,0.19,NCSN,71508770
2011/01/12 05:09:03.28,36.53667,-121.12083,2.887,2.04,Md,56,51,5,0.08,NCSN,71508775
2011/01/12 05:21:41.33,38.80383,-122.81167,2.203,0.88,Md,15,109,2,0.05,NCSN,71508785
2011/01/12 05:25:27.25,38.77550,-122.75650,0.031,0.54,Md,9,98,1,0.05,NCSN,71508790
2011/01/12 05:48:33.88,38.84383,-122.82933,0.731,0.43,Md,4,125,1,0.00,NCSN,71508795
2011/01/12 06:01:59.79,37.48533,-118.84766,5.101,0.41,Md,11,160,11,0.06,NCSN,71509080
2011/01/12 06:25:29.25,36.57483,-121.04050,7.001,1.28,Md,29,106,0,0.10,NCSN,71508805
2011/01/12 06:32:57.49,40.85883,-121.84400,18.615,1.55,Md,10,173,18,0.03,NCSN,71509100
2011/01/12 06:48:15.25,37.48833,-118.53200,6.897,0.88,Md,13,67,10,0.02,NCSN,71508810
2011/01/12 07:29:18.56,38.81700,-122.77800,0.347,1.78,Md,42,49,0,0.07,NCSN,71508815
2011/01/12 07:30:27.36,38.81483,-122.77483,0.567,0.59,Md,14,54,1,0.07,NCSN,71508820
2011/01/12 07:32:25.88,38.84167,-122.82767,0.688,0.45,Md,5,121,2,0.05,NCSN,71508825
2011/01/12 07:37:20.42,38.82300,-122.82450,1.797,0.46,Md,5,118,1,0.01,NCSN,71508830
2011/01/12 07:45:52.20,38.75983,-122.73133,0.622,0.59,Md,9,89,2,0.06,NCSN,71508835
2011/01/12 08:06:31.54,36.63917,-121.25616,5.596,1.05,Md,20,114,3,0.06,NCSN,71508840
2011/01/12 08:14:34.61,38.82650,-122.78500,0.984,0.54,Md,6,81,1,0.04,NCSN,71508845
2011/01/12 08:51:03.68,36.77117,-121.49633,7.661,4.50,Mw,105,35,2,0.19,NCSN,71508850
2011/01/12 08:53:04.46,36.76900,-121.49817,5.461,3.23,ML,68,36,2,0.18,NCSN,71508860
2011/01/12 08:54:00.58,36.77300,-121.49717,6.181,1.94,Md,55,36,2,0.20,NCSN,71508870
2011/01/12 08:55:53.78,36.77417,-121.49233,6.236,2.06,Md,67,35,2,0.13,NCSN,71508865
2011/01/12 08:57:16.26,36.77083,-121.47650,6.646,1.16,Md,30,37,2,0.18,NCSN,71508875
2011/01/12 09:00:56.40,36.77417,-121.50300,7.511,3.29,ML,95,36,3,0.18,NCSN,71508880
2011/01/12 09:02:20.58,36.77150,-121.49834,5.661,2.77,Md,78,36,2,0.19,NCSN,71508885
2011/01/12 09:08:37.97,36.77633,-121.49834,6.401,0.71,Md,22,70,3,0.17,NCSN,71508890
2011/01/12 09:14:33.67,36.77783,-121.49850,6.641,1.07,Md,30,70,3,0.16,NCSN,71508905
2011/01/12 09:15:02.11,36.75800,-121.46516,6.566,1.46,Md,40,31,2,0.12,NCSN,71508900
2011/01/12 09:17:41.80,36.76683,-121.48233,6.426,2.91,Md,82,35,2,0.19,NCSN,71508910
2011/01/12 09:25:46.77,38.95733,-123.10783,3.599,1.59,Md,21,66,5,0.08,NCSN,71508915
2011/01/12 09:29:55.98,36.76383,-121.47217,6.916,0.65,Md,21,59,2,0.20,NCSN,71508920
2011/01/12 09:35:08.27,41.14417,-121.94517,12.223,1.69,Md,14,122,21,0.08,NCSN,71508925
2011/01/12 09:36:33.85,36.76367,-121.47066,6.466,2.36,Md,70,35,2,0.15,NCSN,71508930
2011/01/12 09:38:42.50,36.78233,-121.49050,6.761,0.59,Md,20,68,3,0.10,NCSN,71508935
2011/01/12 09:38:59.02,36.76800,-121.47650,6.506,1.21,Md,41,37,2,0.18,NCSN,71508940
2011/01/12 10:21:58.75,36.75667,-121.46484,6.506,1.20,Md,37,31,2,0.18,NCSN,71508950
2011/01/12 10:26:25.59,36.77617,-121.50233,6.801,0.49,Md,25,90,3,0.23,NCSN,71508955
2011/01/12 10:28:49.47,36.78117,-121.49416,5.971,0.73,Md,23,68,3,0.16,NCSN,71508960
2011/01/12 10:59:10.62,36.78017,-121.50050,7.061,1.87,Md,68,35,3,0.16,NCSN,71508965
2011/01/12 11:36:35.41,38.75467,-122.71550,1.044,1.13,Md,34,51,2,0.05,NCSN,71508970
2011/01/12 11:53:29.60,38.82667,-122.86716,1.745,0.92,Md,18,77,1,0.05,NCSN,71508975
2011/01/12 11:54:04.58,36.77967,-121.49333,6.201,0.72,Md,24,69,3,0.18,NCSN,71508980
2011/01/12 11:55:27.89,35.89133,-121.28767,4.472,0.57,Md,4,149,7,0.02,NCSN,71508985
2011/01/12 12:14:52.79,38.83633,-122.80883,1.409,0.43,Md,9,91,1,0.04,NCSN,71508990
2011/01/12 13:28:23.26,38.77900,-122.72650,2.109,0.48,Md,9,92,1,0.06,NCSN,71508995
2011/01/12 13:44:37.83,36.77283,-121.47950,6.266,1.98,Md,62,34,2,0.10,NCSN,71509000
2011/01/12 13:46:18.84,37.29984,-121.67316,6.277,1.06,Md,19,72,5,0.04,NCSN,71509005
2011/01/12 14:09:28.35,36.76700,-121.48283,5.316,1.54,Md,47,35,2,0.18,NCSN,71509010
2011/01/12 14:12:31.95,38.76650,-122.71917,0.884,0.52,Md,10,76,2,0.07,NCSN,71509015
2011/01/12 14:23:37.52,37.66017,-118.84317,2.283,0.32,Md,11,100,3,0.02,NCSN,71509020
2011/01/12 14:33:21.73,36.75700,-121.47183,5.283,0.62,Md,11,133,1,0.17,NCSN,71509025
2011/01/12 14:38:38.97,36.77350,-121.49033,5.896,0.62,Md,21,81,2,0.20,NCSN,71509030
2011/01/12 14:57:09.70,38.77733,-122.70883,3.835,0.46,Md,6,161,1,0.03,NCSN,71509035
2011/01/12 15:22:13.16,38.82333,-122.79500,2.621,0.48,Md,12,51,1,0.05,NCSN,71509040
2011/01/12 16:02:16.66,38.82050,-122.79500,2.670,1.47,Md,45,44,1,0.07,NCSN,71509045
2011/01/12 16:13:21.61,36.77617,-121.47767,6.486,0.52,Md,19,75,3,0.19,NCSN,71509050
2011/01/12 16:13:44.39,38.80933,-122.79950,1.219,0.89,Md,7,180,5,0.05,NCSN,71509055
2011/01/12 16:22:57.45,38.81183,-122.82283,2.015,0.17,Md,14,139,1,0.04,NCSN,71509060
2011/01/12 16:25:53.44,38.76800,-122.69566,5.927,0.47,Md,4,172,1,0.02,NCSN,71509065
2011/01/12 16:29:26.29,38.82567,-122.87233,1.752,0.55,Md,11,84,2,0.04,NCSN,71509070
2011/01/12 16:32:53.32,38.82017,-122.79366,2.480,2.04,Md,64,43,1,0.07,NCSN,71509075
2011/01/12 16:42:27.72,38.82450,-122.87267,1.385,0.44,Md,5,142,2,0.04,NCSN,71509085
2011/01/12 17:00:02.37,38.80450,-122.79166,1.136,0.88,Md,19,57,0,0.04,NCSN,71509090
2011/01/12 17:14:20.02,36.00350,-120.57100,3.062,1.16,Md,36,94,3,0.11,NCSN,71509095
2011/01/12 17:35:05.17,38.81816,-122.79100,1.935,0.51,Md,7,97,1,0.01,NCSN,71509110
2011/01/12 17:44:19.49,38.81933,-122.79600,2.845,0.55,Md,9,100,1,0.06,NCSN,71509115
2011/01/12 18:09:41.20,38.77600,-122.71317,1.847,1.48,Md,43,50,0,0.07,NCSN,71509120
2011/01/12 18:14:09.15,38.80967,-122.82917,2.432,0.43,Md,9,74,0,0.05,NCSN,71509130
2011/01/12 18:24:09.06,36.75967,-121.39200,6.959,0.62,Md,16,93,3,0.24,NCSN,71509135
2011/01/12 18:24:20.36,35.97867,-120.28850,15.594,1.26,Md,6,242,13,0.01,NCSN,71047139
2011/01/12 18:28:25.76,38.81400,-122.80917,3.217,0.65,Md,8,133,1,0.02,NCSN,71509140
2011/01/12 18:32:36.48,38.80983,-122.79200,2.731,0.50,Md,7,147,0,0.04,NCSN,71509145
2011/01/12 18:40:52.63,38.76183,-122.74500,-0.005,0.49,Md,6,115,1,0.04,NCSN,71509155
2011/01/12 18:56:05.51,38.79650,-122.83617,0.890,0.57,Md,4,251,4,0.08,NCSN,71509160
2011/01/12 20:11:38.19,36.77967,-121.50450,6.990,0.94,Md,28,48,3,0.19,NCSN,71509165
2011/01/12 20:18:50.96,38.83767,-122.82883,1.799,0.43,Md,9,119,2,0.03,NCSN,71509175
2011/01/12 20:38:41.47,36.54567,-121.13350,7.481,0.80,Md,13,80,6,0.06,NCSN,71509180
2011/01/12 20:57:57.91,37.30150,-118.33100,3.976,0.71,Md,6,236,8,0.02,NCSN,71509185
2011/01/12 21:36:19.18,38.84533,-122.82567,1.599,1.04,Md,44,47,1,0.05,NCSN,71509195
2011/01/12 22:35:31.41,36.76700,-121.40417,5.919,1.23,Md,30,58,3,0.15,NCSN,71509210
2011/01/12 22:46:30.92,35.66800,-121.04000,5.379,0.68,Md,13,88,4,0.08,NCSN,71509215
2011/01/12 23:19:40.67,35.60817,-120.93150,5.413,1.34,Md,49,66,6,0.15,NCSN,71509220
2011/01/12 23:22:57.75,38.75867,-122.73183,1.552,0.46,Md,9,65,1,0.05,NCSN,71509225
2011/01/13 00:16:58.37,36.63567,-121.24817,7.978,1.18,Md,25,87,4,0.11,NCSN,71509235
2011/01/13 00:27:10.29,36.77050,-121.48867,4.982,1.32,Md,37,56,3,0.17,NCSN,71509240
2011/01/13 00:38:22.19,38.81617,-122.79850,1.828,0.95,Md,11,90,3,0.03,NCSN,71509245
2011/01/13 00:46:59.57,36.70300,-121.34116,9.541,0.85,Md,19,93,8,0.06,NCSN,71509250
2011/01/13 01:01:39.01,38.80833,-122.81734,4.017,0.55,Md,5,183,1,0.02,NCSN,71509260
2011/01/13 01:02:35.63,36.68367,-121.30417,2.339,1.04,Md,18,89,3,0.07,NCSN,71509265
2011/01/13 02:24:18.68,38.75533,-122.72350,0.674,1.82,Md,68,27,2,0.09,NCSN,71509275
2011/01/13 02:26:17.51,38.74517,-122.71883,-0.752,0.83,Md,8,162,1,0.10,NCSN,71509280
2011/01/13 02:49:20.61,36.76083,-121.47633,5.732,1.65,Md,48,33,2,0.20,NCSN,71509285
2011/01/13 02:52:44.38,36.76200,-121.47433,5.672,2.05,Md,68,32,2,0.16,NCSN,71509290
2011/01/13 03:05:00.33,36.00300,-120.57417,2.869,0.56,Md,9,126,3,0.07,NCSN,71509295
2011/01/13 03:20:00.77,38.79333,-122.83334,2.755,0.52,Md,8,176,2,0.04,NCSN,71509300
2011/01/13 03:29:25.08,36.80367,-121.53717,7.043,2.67,Md,79,26,3,0.14,NCSN,71509305
2011/01/13 03:30:33.41,36.79984,-121.53467,6.063,1.57,Md,51,34,4,0.16,NCSN,71509310
2011/01/13 03:31:57.70,36.80300,-121.53600,6.473,2.05,Md,64,25,3,0.12,NCSN,71509315
2011/01/13 03:45:27.12,35.60567,-120.93183,5.519,2.64,Md,81,58,7,0.13,NCSN,71509320
2011/01/13 03:51:27.43,38.81433,-122.81817,2.288,0.76,Md,12,83,1,0.03,NCSN,71509325
2011/01/13 03:54:34.98,36.80183,-121.54050,7.333,3.68,Mw,99,28,3,0.17,NCSN,71509330
2011/01/13 03:56:22.90,38.81483,-122.81467,2.682,0.45,Md,7,128,1,0.05,NCSN,71509335
2011/01/13 03:58:41.61,38.81384,-122.82100,2.260,0.43,Md,10,81,1,0.05,NCSN,71509340
2011/01/13 03:59:19.30,36.80100,-121.53516,6.213,1.28,Md,46,34,4,0.19,NCSN,71509350
2011/01/13 04:00:35.89,36.80283,-121.54166,7.173,3.92,Mw,119,30,3,0.18,NCSN,71509345
2011/01/13 04:17:26.03,36.76233,-121.47833,5.592,2.28,Md,82,33,2,0.19,NCSN,71509355
2011/01/13 04:44:51.30,38.81567,-122.81817,1.841,0.69,Md,7,144,1,0.02,NCSN,71509360
2011/01/13 04:51:10.85,38.77917,-122.79266,3.797,0.45,Md,9,124,1,0.04,NCSN,71509365
2011/01/13 04:51:47.50,37.06816,-121.78300,3.158,1.38,Md,34,41,3,0.07,NCSN,71509370
2011/01/13 05:17:17.60,38.82217,-122.82867,1.459,0.40,Md,16,54,1,0.04,NCSN,71509380
2011/01/13 05:25:33.27,38.78467,-122.77400,3.282,0.49,Md,11,125,2,0.05,NCSN,71509385
2011/01/13 05:35:16.72,36.79984,-121.53967,6.073,1.28,Md,43,33,3,0.19,NCSN,71509390
2011/01/13 05:42:14.58,36.80250,-121.53633,5.793,1.72,Md,56,26,3,0.13,NCSN,71509395
2011/01/13 05:59:28.57,37.51367,-118.82034,-0.065,0.20,Md,9,215,9,0.12,NCSN,71509400
2011/01/13 06:21:17.16,40.52967,-121.67400,18.488,0.86,Md,11,151,8,0.59,NCSN,71510040
2011/01/13 06:32:29.57,38.81083,-122.78600,0.050,0.87,Md,13,61,1,0.03,NCSN,71509410
2011/01/13 06:44:45.60,38.81983,-122.82567,2.131,1.38,Md,43,41,1,0.06,NCSN,71509415
2011/01/13 06:52:10.32,36.77100,-121.48817,5.040,0.68,Md,25,55,2,0.20,NCSN,71509420
2011/01/13 07:00:49.26,38.82267,-122.82667,0.889,1.04,Md,38,44,1,0.06,NCSN,71509425
2011/01/13 07:20:47.53,37.33283,-122.21917,7.663,0.54,Md,11,131,2,0.09,NCSN,71509430
2011/01/13 07:35:50.13,38.82717,-122.78333,0.750,0.45,Md,6,89,2,0.01,NCSN,71509435
2011/01/13 07:44:51.17,39.49983,-120.35017,-0.403,1.99,Md,15,102,12,0.06,NCSN,71509440
2011/01/13 07:57:33.66,38.83433,-122.80683,1.664,0.17,Md,19,52,1,0.04,NCSN,71509445
2011/01/13 08:44:30.64,38.80950,-122.81750,2.750,0.38,Md,11,104,1,0.05,NCSN,71509450
2011/01/13 09:15:33.51,36.76733,-121.46550,6.016,0.91,Md,20,56,2,0.14,NCSN,71509455
2011/01/13 10:12:50.07,39.36183,-123.27000,2.554,2.37,Md,43,91,18,0.07,NCSN,71509460
2011/01/13 10:22:35.12,38.78950,-122.74850,1.105,0.29,Md,10,92,1,0.04,NCSN,71509465
2011/01/13 10:42:39.51,38.39567,-122.22366,7.330,1.20,Md,13,95,5,0.04,NCSN,71509470
2011/01/13 10:45:51.98,36.84417,-121.43317,8.540,0.23,Md,18,79,6,0.25,NCSN,71509475
2011/01/13 11:45:08.59,38.83267,-122.88017,1.800,0.53,Md,8,129,1,0.06,NCSN,71509480
2011/01/13 12:40:42.97,37.40033,-118.44700,6.254,0.38,Md,7,139,4,0.01,NCSN,71509485
2011/01/13 13:02:29.89,38.80833,-122.74350,1.645,0.86,Md,6,106,3,0.01,NCSN,71509490
2011/01/13 13:09:07.86,38.80533,-122.81717,3.460,0.55,Md,9,145,1,0.05,NCSN,71509495
2011/01/13 13:35:34.44,38.78500,-122.77800,1.770,1.54,Md,65,77,1,0.07,NCSN,71509500
2011/01/13 13:38:52.03,36.67100,-120.24300,4.473,1.80,Md,4,309,75,0.09,NCSN,71509505
2011/01/13 13:47:22.93,36.79016,-121.48400,9.253,0.54,Md,11,170,4,0.08,NCSN,71509510
2011/01/13 13:52:40.05,38.80650,-122.79283,0.402,0.89,Md,8,111,0,0.02,NCSN,71509515
2011/01/13 14:23:56.72,37.54167,-118.82417,7.313,0.24,Md,9,261,5,0.03,NCSN,71509520
2011/01/13 14:36:40.29,39.39250,-122.90283,11.052,2.12,Md,31,37,30,0.11,NCSN,71509525
2011/01/13 14:38:47.53,39.39250,-122.90366,10.532,2.09,Md,28,38,30,0.08,NCSN,71509530
2011/01/13 14:43:11.05,38.18933,-122.27033,12.774,1.07,Md,11,99,8,0.04,NCSN,71509535
2011/01/13 15:09:08.46,38.81950,-122.79884,2.577,0.95,Md,13,83,1,0.04,NCSN,71509540
2011/01/13 15:09:47.86,38.82067,-122.79784,1.599,0.96,Md,15,75,1,0.05,NCSN,71509545
2011/01/13 15:28:08.37,38.82117,-122.83434,4.892,0.53,Md,6,121,0,0.06,NCSN,71509550
2011/01/13 15:30:14.31,38.80300,-122.82716,1.320,0.35,Md,8,137,1,0.04,NCSN,71509555
2011/01/13 15:37:14.43,36.78300,-121.50367,4.327,0.42,Md,17,64,3,0.23,NCSN,71509560
2011/01/13 16:02:43.85,38.79533,-122.76234,-0.849,0.99,Md,27,59,2,0.04,NCSN,71509565
2011/01/13 16:17:51.18,38.81450,-122.82350,2.240,0.35,Md,13,70,1,0.06,NCSN,71509570
2011/01/13 16:58:13.27,38.82217,-122.80033,2.999,1.61,Md,42,51,1,0.05,NCSN,71509595
2011/01/13 18:12:29.77,38.83650,-122.79833,1.414,0.69,Md,6,126,1,0.02,NCSN,71509610
2011/01/13 19:04:29.04,38.81200,-122.79250,2.576,0.87,Md,13,61,0,0.05,NCSN,71509615
2011/01/13 19:08:55.12,38.82033,-122.79300,1.279,0.39,Md,8,103,3,0.07,NCSN,71509620
2011/01/13 19:09:59.02,36.57633,-121.10550,10.431,0.81,Md,12,79,6,0.03,NCSN,71509625
2011/01/13 19:49:39.93,38.81233,-122.83317,1.285,0.07,Md,4,112,1,0.00,NCSN,71509630
2011/01/13 19:52:42.17,36.76783,-121.46933,5.552,0.92,Md,20,54,2,0.15,NCSN,71509635
2011/01/13 21:47:42.22,36.77717,-121.49850,4.967,1.65,Md,44,36,4,0.14,NCSN,71509650
2011/01/13 22:18:16.70,38.78583,-122.77300,0.580,0.90,Md,37,77,2,0.07,NCSN,71509660
2011/01/13 23:43:38.95,38.83700,-122.80850,-0.873,0.46,Md,8,78,2,0.04,NCSN,71509670
2011/01/13 23:59:02.24,38.81400,-122.82833,2.552,0.89,Md,15,58,1,0.05,NCSN,71509675
2011/01/14 00:15:19.85,38.81283,-122.79350,2.586,0.26,Md,25,60,1,0.05,NCSN,71509685
2011/01/14 00:15:45.94,38.78483,-122.74350,1.255,1.99,Md,71,42,1,0.07,NCSN,71509680
2011/01/14 00:22:52.33,36.76117,-121.48067,5.313,1.63,Md,49,36,2,0.17,NCSN,71509690
2011/01/14 00:26:44.85,38.81567,-122.82017,1.790,0.43,Md,6,115,1,0.01,NCSN,71509695
2011/01/14 00:27:34.35,36.88633,-121.60934,2.435,1.11,Md,20,66,2,0.14,NCSN,71509700
2011/01/14 00:34:18.95,38.81217,-122.81250,2.943,0.89,Md,14,92,1,0.03,NCSN,71509705
2011/01/14 00:45:00.62,38.83950,-122.82800,1.192,0.18,Md,8,79,1,0.03,NCSN,71509710
2011/01/14 00:57:19.98,38.84367,-122.82784,1.889,1.53,Md,61,57,1,0.06,NCSN,71509715
2011/01/14 01:50:34.71,36.76317,-121.39917,6.360,1.05,Md,22,84,2,0.06,NCSN,71509720
2011/01/14 02:23:54.87,38.77300,-122.75816,-0.745,0.28,Md,4,169,2,0.02,NCSN,71509725
2011/01/14 02:29:34.03,38.78450,-122.78083,2.202,0.53,Md,13,118,1,0.05,NCSN,71509730
2011/01/14 02:34:16.68,38.82333,-122.75050,0.862,0.72,Md,8,66,4,0.03,NCSN,71509735
2011/01/14 02:56:36.75,38.81283,-122.73800,0.575,0.48,Md,6,124,3,0.02,NCSN,71509740
2011/01/14 03:05:34.27,36.57283,-121.16950,7.471,1.11,Md,18,62,2,0.07,NCSN,71509745
2011/01/14 03:12:01.56,37.46733,-118.84016,4.131,0.50,Md,9,123,11,0.02,NCSN,71509750
2011/01/14 03:12:10.05,38.98633,-118.25050,-2.333,2.21,Md,13,245,85,0.17,NCSN,71509755
2011/01/14 03:25:43.75,35.20517,-118.59350,11.376,2.50,Md,11,203,9,0.05,NCSN,71509760
2011/01/14 03:43:02.15,38.83550,-122.78433,0.989,0.45,Md,9,162,1,0.04,NCSN,71509765
2011/01/14 04:42:29.83,37.56850,-119.39983,1.042,1.12,Md,13,179,29,0.05,NCSN,71510020
2011/01/14 04:47:29.35,38.83833,-122.83100,1.915,0.84,Md,12,71,0,0.04,NCSN,71509775
2011/01/14 04:52:01.56,36.57183,-121.16967,6.443,0.75,Md,9,101,2,0.03,NCSN,71509780
2011/01/14 05:27:28.83,38.75467,-122.69817,2.232,0.51,Md,17,78,1,0.09,NCSN,71509785
2011/01/14 05:37:26.92,37.52783,-118.82000,4.123,0.19,Md,16,151,7,0.03,NCSN,71509795
2011/01/14 05:39:43.92,38.82617,-122.83817,1.846,0.43,Md,5,161,0,0.02,NCSN,71509790
2011/01/14 05:41:57.31,38.83000,-122.80200,1.273,0.88,Md,11,95,1,0.02,NCSN,71509800
2011/01/14 06:55:58.26,38.81500,-122.79317,2.510,1.91,Md,61,32,1,0.07,NCSN,71509805
2011/01/14 07:08:29.23,35.73567,-121.09717,5.275,1.00,Md,12,45,5,0.09,NCSN,71509810
2011/01/14 07:33:53.13,36.76433,-121.46300,5.536,1.27,Md,42,34,1,0.14,NCSN,71509815
2011/01/14 07:34:59.87,38.78500,-122.77650,-0.830,0.80,Md,9,112,1,0.09,NCSN,71509820
2011/01/14 08:06:04.04,38.83533,-122.78584,1.356,0.88,Md,10,142,2,0.04,NCSN,71509825
2011/01/14 09:03:57.18,35.67233,-121.03433,5.609,0.65,Md,15,61,4,0.06,NCSN,71509830
2011/01/14 09:10:09.03,38.79284,-122.80167,3.108,0.76,Md,14,94,1,0.05,NCSN,71509835
2011/01/14 09:56:29.10,36.57750,-121.03550,7.827,2.19,Md,46,102,0,0.09,NCSN,71509840
2011/01/14 10:58:17.15,38.81100,-122.82950,2.132,0.85,Md,12,74,0,0.05,NCSN,71509845
2011/01/14 11:01:48.09,36.47467,-121.06000,4.014,0.85,Md,11,149,4,0.05,NCSN,71509850
2011/01/14 11:13:25.92,37.32917,-118.65383,13.488,0.93,Md,9,241,5,0.01,NCSN,71509860
2011/01/14 11:15:37.86,40.88500,-123.70116,27.064,2.72,Md,22,116,3,0.09,NCSN,71509855
2011/01/14 11:16:53.01,38.81533,-122.81384,2.937,0.55,Md,10,105,1,0.05,NCSN,71509865
2011/01/14 11:41:15.14,36.58267,-121.03350,8.337,2.29,Md,67,70,1,0.15,NCSN,71509870
2011/01/14 11:47:58.19,36.57967,-121.04417,6.977,1.00,Md,14,73,0,0.10,NCSN,71509875
2011/01/14 12:01:41.52,38.80050,-122.79617,1.626,0.52,Md,6,131,1,0.02,NCSN,71509880
2011/01/14 12:02:04.50,38.81633,-122.81384,3.768,0.43,Md,6,98,2,0.05,NCSN,71509885
2011/01/14 12:11:52.63,38.63383,-122.48933,6.192,1.09,Md,13,118,5,0.04,NCSN,71509890
2011/01/14 12:12:47.41,36.64200,-121.16500,8.104,0.87,Md,13,101,6,0.06,NCSN,71509895
2011/01/14 13:03:36.36,38.81633,-122.79583,2.560,0.87,Md,12,62,1,0.03,NCSN,71509900
2011/01/14 13:14:39.74,36.57467,-121.03316,7.497,1.14,Md,16,131,1,0.08,NCSN,71509905
2011/01/14 13:40:00.21,38.77583,-122.73133,2.449,0.46,Md,6,98,1,0.04,NCSN,71509910
2011/01/14 14:33:32.09,38.80967,-122.79183,2.666,1.43,Md,47,34,0,0.06,NCSN,71509915
2011/01/14 14:38:15.98,36.01750,-120.58550,4.472,2.57,Md,76,37,4,0.12,NCSN,71509920
2011/01/14 14:52:58.39,36.80567,-121.52950,6.676,2.07,Md,62,34,3,0.09,NCSN,71509925
2011/01/14 14:56:33.72,38.81083,-122.79250,2.846,1.55,Md,48,33,0,0.07,NCSN,71509930
2011/01/14 14:57:46.30,38.80967,-122.79083,2.396,0.92,Md,17,71,0,0.04,NCSN,71509935
2011/01/14 15:18:11.34,36.01817,-120.58700,3.292,0.94,Md,32,115,5,0.11,NCSN,71509940
2011/01/14 15:26:26.47,36.02283,-120.57716,4.102,0.63,Md,17,132,4,0.08,NCSN,71509945
2011/01/14 15:30:59.26,38.83083,-122.79300,1.843,1.13,Md,40,42,1,0.06,NCSN,71509950
2011/01/14 15:40:42.69,36.78067,-121.47250,7.163,0.42,Md,16,102,3,0.08,NCSN,71509955
2011/01/14 15:44:15.58,38.81100,-122.79533,2.686,0.54,Md,10,71,0,0.04,NCSN,71509960
2011/01/14 16:53:29.65,38.83983,-122.82684,1.006,0.19,Md,6,131,2,0.03,NCSN,71509965
2011/01/14 16:57:10.47,38.83250,-122.81216,0.527,0.38,Md,9,74,1,0.02,NCSN,71509970
2011/01/14 17:00:03.55,37.64500,-119.36900,11.987,1.05,Md,16,146,26,0.14,NCSN,71509975
2011/01/14 17:46:12.15,37.43417,-118.90100,2.571,1.29,Md,27,145,17,0.03,NCSN,71509980
2011/01/14 17:54:07.83,37.63317,-118.93483,0.505,0.34,Md,15,89,3,0.03,NCSN,71509985
2011/01/14 17:55:54.65,37.63283,-118.93433,0.735,0.25,Md,9,90,3,0.01,NCSN,71509990
2011/01/14 17:56:36.70,39.25117,-123.21900,7.767,1.30,Md,14,106,9,0.06,NCSN,71509995
2011/01/14 18:01:27.57,38.81483,-122.80967,1.969,0.55,Md,8,125,1,0.06,NCSN,71510005
2011/01/14 18:01:36.05,37.29417,-121.67516,2.897,2.02,Md,73,56,4,0.06,NCSN,71510000
2011/01/14 18:15:48.11,37.63300,-118.93584,0.535,0.38,Md,14,90,3,0.03,NCSN,71510010
2011/01/14 18:25:40.07,37.43500,-118.90150,2.511,1.14,Md,25,145,17,0.03,NCSN,71510015
2011/01/14 19:31:23.22,38.78433,-122.73550,1.409,0.86,Md,11,97,0,0.07,NCSN,71510025
2011/01/14 19:36:14.93,38.81633,-122.79266,1.960,0.70,Md,16,59,1,0.05,NCSN,71510030
2011/01/14 19:45:15.59,35.56233,-120.88450,10.023,0.77,Md,8,156,4,0.02,NCSN,71510035
2011/01/14 21:46:45.30,37.47100,-121.80917,6.223,1.07,Md,11,94,2,0.02,NCSN,71510050
2011/01/14 22:07:09.40,38.78583,-122.78067,-0.250,0.43,Md,16,136,1,0.06,NCSN,71510055
2011/01/14 22:13:33.09,38.81017,-122.79984,0.928,0.41,Md,5,175,2,0.07,NCSN,71510060
2011/01/14 22:17:18.23,37.50333,-118.83783,10.806,1.29,Md,27,108,10,0.03,NCSN,71510065
2011/01/14 22:21:42.82,37.42650,-118.89750,6.398,0.67,Md,13,258,17,0.02,NCSN,71510070
2011/01/14 23:11:26.88,37.36167,-118.66200,10.308,0.97,Md,10,186,2,0.05,NCSN,71510075